Applicant_Income,Credit_Score,DTI_Ratio,Existing_Loans,Loan_Amount,Loan_Approved
82000,720,28,1,250000,1
45000,580,42,3,150000,0
120000,780,18,0,400000,1
33000,610,51,2,100000,0
95000,740,22,1,320000,1
61000,690,35,2,180000,1
28000,540,60,4,80000,0
74000,710,30,1,220000,1
52000,630,44,3,140000,0
110000,760,20,0,370000,1
39000,570,55,3,90000,0
88000,730,25,1,280000,1
47000,600,48,2,130000,0
130000,800,15,0,450000,1
66000,680,38,2,200000,1
31000,550,58,4,75000,0
79000,715,27,1,240000,1
54000,640,43,2,155000,0
105000,755,21,0,350000,1
42000,590,50,3,110000,0
91000,735,24,1,300000,1
35000,560,56,4,85000,0
68000,695,33,2,210000,1
57000,650,41,2,165000,0
115000,770,19,0,380000,1
44000,585,49,3,120000,0
83000,722,29,1,260000,1
29000,545,62,4,70000,0
76000,712,31,1,230000,1
50000,620,46,3,135000,0
98000,745,23,1,330000,1
37000,565,54,3,88000,0
71000,705,34,2,215000,1
60000,670,39,2,175000,0
125000,790,16,0,420000,1
32000,552,59,4,72000,0
86000,728,26,1,270000,1
48000,608,47,2,128000,0
108000,758,20,0,360000,1
41000,578,52,3,105000,0
93000,738,24,1,310000,1
36000,558,57,4,82000,0
69000,698,36,2,205000,1
55000,645,42,2,160000,0
118000,775,18,0,390000,1
43000,582,50,3,115000,0
80000,718,28,1,245000,1
27000,535,63,5,65000,0
77000,714,30,1,235000,1
53000,635,44,2,148000,0
100000,748,22,1,340000,1
38000,568,55,3,92000,0
72000,708,33,2,218000,1
58000,655,40,2,170000,0
122000,785,17,0,410000,1
30000,548,60,4,68000,0
85000,725,26,1,265000,1
46000,595,48,3,125000,0
112000,762,20,0,375000,1
40000,575,53,3,108000,0
90000,733,25,1,295000,1
34000,555,58,4,80000,0
67000,692,36,2,208000,1
56000,648,41,2,162000,0
116000,772,18,0,385000,1
44000,588,49,3,118000,0
81000,720,28,1,252000,1
26000,530,65,5,60000,0
75000,710,31,1,228000,1
51000,625,45,2,138000,0
97000,743,23,1,325000,1
36000,562,56,4,86000,0
70000,702,35,2,212000,1
59000,660,40,2,172000,0
123000,788,16,0,415000,1
31000,550,60,4,71000,0
87000,730,25,1,275000,1
49000,612,47,2,132000,0
107000,757,21,0,355000,1
42000,580,51,3,112000,0
92000,736,24,1,305000,1
35000,558,57,4,84000,0
68000,696,36,2,206000,1
57000,652,41,2,163000,0
117000,773,18,0,388000,1
45000,590,49,3,122000,0
82000,721,28,1,255000,1
28000,540,62,4,67000,0
76000,713,30,1,232000,1
52000,632,44,2,142000,0
101000,750,22,1,342000,1
39000,570,54,3,95000,0
73000,708,34,2,220000,1
61000,672,38,2,178000,0
126000,791,15,0,425000,1
33000,554,59,4,74000,0
88000,731,25,1,282000,1
50000,618,46,3,136000,0
110000,760,20,0,368000,1
43000,583,50,3,116000,0
94000,739,24,1,315000,1
37000,563,56,4,89000,0
71000,704,35,2,214000,1
55000,644,42,2,158000,0
119000,776,17,0,392000,1
46000,593,48,3,126000,0
83000,723,27,1,258000,1
29000,543,62,5,63000,0
78000,716,30,1,238000,1
54000,638,43,2,152000,0
103000,752,22,1,345000,1
40000,572,53,3,102000,0
74000,710,33,2,222000,1
60000,665,39,2,176000,0
128000,793,15,0,430000,1
32000,551,60,4,69000,0
89000,732,25,1,285000,1
48000,606,47,2,130000,0
113000,763,19,0,378000,1
41000,577,52,3,106000,0
95000,741,23,1,318000,1
36000,560,57,4,87000,0
70000,700,35,2,216000,1
56000,647,41,2,161000,0
120000,778,17,0,395000,1
44000,586,49,3,119000,0
84000,724,27,1,262000,1
27000,533,64,5,62000,0
77000,714,30,1,236000,0
53000,634,44,2,146000,0
99000,746,22,1,335000,1
38000,566,55,3,93000,0
72000,706,34,2,219000,1
59000,658,40,2,173000,0
124000,789,16,0,418000,1
31000,549,61,4,70000,0
86000,727,26,1,272000,1
49000,610,47,2,131000,0
109000,759,20,0,362000,1
42000,579,51,3,109000,0
91000,734,24,1,302000,1
35000,557,57,4,83000,0
69000,697,36,2,207000,1
58000,654,40,2,168000,0
121000,781,17,0,402000,1
43000,584,50,3,117000,0
80000,719,28,1,248000,1
26000,531,65,5,59000,0
75000,711,31,1,229000,0
51000,623,45,2,139000,0
96000,742,23,1,322000,1
37000,564,55,3,90000,0
73000,707,34,2,217000,1
61000,673,38,2,179000,0
127000,792,15,0,428000,1
34000,556,58,4,81000,0
90000,733,25,1,292000,1
50000,616,46,3,134000,0
111000,761,20,0,372000,1
41000,576,52,3,107000,0
93000,737,24,1,308000,1
36000,561,56,4,88000,0
70000,701,35,2,213000,1
55000,643,42,2,157000,0
118000,774,18,0,389000,1
45000,591,49,3,121000,0
81000,720,28,1,251000,1
28000,541,62,4,66000,0
76000,712,31,1,231000,0
52000,630,44,2,141000,0
100000,747,22,1,338000,1
39000,569,54,3,94000,0
72000,706,34,2,221000,1
58000,657,40,2,169000,0
122000,784,16,0,412000,1
30000,547,61,4,69000,0
85000,726,26,1,268000,1
48000,607,47,2,129000,0
107000,756,21,0,358000,1
40000,574,52,3,104000,0
92000,735,24,1,306000,1
35000,559,57,4,85000,0
69000,698,36,2,209000,1
56000,649,41,2,164000,0
116000,771,18,0,386000,1
43000,582,50,3,114000,0
82000,722,27,1,256000,1
27000,534,64,5,61000,0
78000,715,30,1,237000,1
54000,637,43,2,150000,0
104000,753,22,1,348000,1
39000,571,53,3,99000,0
74000,709,33,2,223000,1
60000,664,39,2,177000,0
129000,794,15,0,432000,1
33000,553,59,4,73000,0
88000,729,25,1,278000,1
49000,611,47,2,133000,0
108000,758,20,0,364000,1
41000,578,51,3,110000,0
92000,736,23,1,304000,1